Degenerate,Position,TextUnit,MoveAmount,Start,End,Result_MoveAmount,Result_Start,Result_End,Skip
TRUE,1,TextUnit_Character,-5,origin,origin,0,origin,origin,FALSE
TRUE,1,TextUnit_Character,-1,origin,origin,0,origin,origin,FALSE
TRUE,1,TextUnit_Character,0,origin,origin,0,origin,origin,FALSE
TRUE,1,TextUnit_Character,1,origin,origin,1,originP1C,originP1C,FALSE
TRUE,1,TextUnit_Character,5,origin,origin,5,originP5C,originP5C,FALSE
FALSE,1,TextUnit_Character,-5,origin,originP1C,0,origin,originP1C,FALSE
FALSE,1,TextUnit_Character,-1,origin,originP1C,0,origin,originP1C,FALSE
FALSE,1,TextUnit_Character,0,origin,originP1C,0,origin,originP1C,FALSE
FALSE,1,TextUnit_Character,1,origin,originP1C,1,originP1C,originP2C,FALSE
FALSE,1,TextUnit_Character,5,origin,originP1C,5,originP5C,originP6C,FALSE
TRUE,2,TextUnit_Character,-5,midTop,midTop,-5,midTopM5C,midTopM5C,FALSE
TRUE,2,TextUnit_Character,-1,midTop,midTop,-1,midTopM1C,midTopM1C,FALSE
TRUE,2,TextUnit_Character,0,midTop,midTop,0,midTop,midTop,FALSE
TRUE,2,TextUnit_Character,1,midTop,midTop,1,midTopP1C,midTopP1C,FALSE
TRUE,2,TextUnit_Character,5,midTop,midTop,5,midTopP5C,midTopP5C,FALSE
FALSE,2,TextUnit_Character,-5,midTop,midTopP1C,-5,midTopM5C,midTopM4C,FALSE
FALSE,2,TextUnit_Character,-1,midTop,midTopP1C,-1,midTopM1C,midTop,FALSE
FALSE,2,TextUnit_Character,0,midTop,midTopP1C,0,midTop,midTopP1C,FALSE
FALSE,2,TextUnit_Character,1,midTop,midTopP1C,1,midTopP1C,midTopP2C,FALSE
FALSE,2,TextUnit_Character,5,midTop,midTopP1C,5,midTopP5C,midTopP6C,FALSE
TRUE,3,TextUnit_Character,-5,midHistory,midHistory,-5,midHistoryM5C,midHistoryM5C,FALSE
TRUE,3,TextUnit_Character,-1,midHistory,midHistory,-1,midHistoryM1C,midHistoryM1C,FALSE
TRUE,3,TextUnit_Character,0,midHistory,midHistory,0,midHistory,midHistory,FALSE
TRUE,3,TextUnit_Character,1,midHistory,midHistory,1,midHistoryP1C,midHistoryP1C,FALSE
TRUE,3,TextUnit_Character,5,midHistory,midHistory,5,midHistoryP5C,midHistoryP5C,FALSE
FALSE,3,TextUnit_Character,-5,midHistory,midHistoryP1C,-5,midHistoryM5C,midHistoryM4C,FALSE
FALSE,3,TextUnit_Character,-1,midHistory,midHistoryP1C,-1,midHistoryM1C,midHistory,FALSE
FALSE,3,TextUnit_Character,0,midHistory,midHistoryP1C,0,midHistory,midHistoryP1C,FALSE
FALSE,3,TextUnit_Character,1,midHistory,midHistoryP1C,1,midHistoryP1C,midHistoryP2C,FALSE
FALSE,3,TextUnit_Character,5,midHistory,midHistoryP1C,5,midHistoryP5C,midHistoryP6C,FALSE
TRUE,1,TextUnit_Line,-5,origin,origin,0,origin,origin,FALSE
TRUE,1,TextUnit_Line,-1,origin,origin,0,origin,origin,FALSE
TRUE,1,TextUnit_Line,0,origin,origin,0,origin,origin,FALSE
TRUE,1,TextUnit_Line,1,origin,origin,1,originP1L,originP1L,FALSE
TRUE,1,TextUnit_Line,5,origin,origin,5,originP5L,originP5L,FALSE
FALSE,1,TextUnit_Line,-5,origin,originP1C,0,origin,originP1L,FALSE
FALSE,1,TextUnit_Line,-1,origin,originP1C,0,origin,originP1L,FALSE
FALSE,1,TextUnit_Line,0,origin,originP1C,0,origin,originP1L,FALSE
FALSE,1,TextUnit_Line,1,origin,originP1C,1,originP1L,originP2L,FALSE
FALSE,1,TextUnit_Line,5,origin,originP1C,5,originP5L,originP6L,FALSE
TRUE,2,TextUnit_Line,-5,midTop,midTop,-1,origin,origin,FALSE
TRUE,2,TextUnit_Line,-1,midTop,midTop,-1,origin,origin,FALSE
TRUE,2,TextUnit_Line,0,midTop,midTop,0,midTop,midTop,FALSE
TRUE,2,TextUnit_Line,1,midTop,midTop,1,midTopP1L,midTopP1L,FALSE
TRUE,2,TextUnit_Line,5,midTop,midTop,5,midTopP5L,midTopP5L,FALSE
FALSE,2,TextUnit_Line,-5,midTop,midTopP1C,0,origin,originP1L,FALSE
FALSE,2,TextUnit_Line,-1,midTop,midTopP1C,0,origin,originP1L,FALSE
FALSE,2,TextUnit_Line,0,midTop,midTopP1C,0,origin,originP1L,FALSE
FALSE,2,TextUnit_Line,1,midTop,midTopP1C,1,originP1L,originP2L,FALSE
FALSE,2,TextUnit_Line,5,midTop,midTopP1C,5,originP5L,originP6L,FALSE
TRUE,3,TextUnit_Line,-5,midHistory,midHistory,-5,midHistoryM4L,midHistoryM4L,FALSE
TRUE,3,TextUnit_Line,-1,midHistory,midHistory,-1,midHistoryLeft,midHistoryLeft,FALSE
TRUE,3,TextUnit_Line,0,midHistory,midHistory,0,midHistory,midHistory,FALSE
TRUE,3,TextUnit_Line,1,midHistory,midHistory,1,midHistoryP1L,midHistoryP1L,FALSE
TRUE,3,TextUnit_Line,5,midHistory,midHistory,5,midHistoryP5L,midHistoryP5L,FALSE
FALSE,3,TextUnit_Line,-5,midHistory,midHistoryP1C,-5,midHistoryM5L,midHistoryM4L,FALSE
FALSE,3,TextUnit_Line,-1,midHistory,midHistoryP1C,-1,midHistoryM1L,midHistoryLeft,FALSE
FALSE,3,TextUnit_Line,0,midHistory,midHistoryP1C,0,midHistoryLeft,midHistoryP1L,FALSE
FALSE,3,TextUnit_Line,1,midHistory,midHistoryP1C,1,midHistoryP1L,midHistoryP2L,FALSE
FALSE,3,TextUnit_Line,5,midHistory,midHistoryP1C,5,midHistoryP5L,midHistoryP6L,FALSE
TRUE,1,TextUnit_Document,-5,origin,origin,0,origin,origin,FALSE
TRUE,1,TextUnit_Document,-1,origin,origin,0,origin,origin,FALSE
TRUE,1,TextUnit_Document,0,origin,origin,0,origin,origin,FALSE
TRUE,1,TextUnit_Document,1,origin,origin,1,docEnd,docEnd,FALSE
TRUE,1,TextUnit_Document,5,origin,origin,1,docEnd,docEnd,FALSE
FALSE,1,TextUnit_Document,-5,origin,originP1C,0,origin,docEnd,FALSE
FALSE,1,TextUnit_Document,-1,origin,originP1C,0,origin,docEnd,FALSE
FALSE,1,TextUnit_Document,0,origin,originP1C,0,origin,docEnd,FALSE
FALSE,1,TextUnit_Document,1,origin,originP1C,0,origin,docEnd,FALSE
FALSE,1,TextUnit_Document,5,origin,originP1C,0,origin,docEnd,FALSE
TRUE,2,TextUnit_Document,-5,midTop,midTop,-1,origin,origin,FALSE
TRUE,2,TextUnit_Document,-1,midTop,midTop,-1,origin,origin,FALSE
TRUE,2,TextUnit_Document,0,midTop,midTop,0,midTop,midTop,FALSE
TRUE,2,TextUnit_Document,1,midTop,midTop,1,docEnd,docEnd,FALSE
TRUE,2,TextUnit_Document,5,midTop,midTop,1,docEnd,docEnd,FALSE
FALSE,2,TextUnit_Document,-5,midTop,midTopP1C,0,origin,docEnd,FALSE
FALSE,2,TextUnit_Document,-1,midTop,midTopP1C,0,origin,docEnd,FALSE
FALSE,2,TextUnit_Document,0,midTop,midTopP1C,0,origin,docEnd,FALSE
FALSE,2,TextUnit_Document,1,midTop,midTopP1C,0,origin,docEnd,FALSE
FALSE,2,TextUnit_Document,5,midTop,midTopP1C,0,origin,docEnd,FALSE
TRUE,3,TextUnit_Document,-5,midHistory,midHistory,-1,origin,origin,FALSE
TRUE,3,TextUnit_Document,-1,midHistory,midHistory,-1,origin,origin,FALSE
TRUE,3,TextUnit_Document,0,midHistory,midHistory,0,midHistory,midHistory,FALSE
TRUE,3,TextUnit_Document,1,midHistory,midHistory,1,docEnd,docEnd,FALSE
TRUE,3,TextUnit_Document,5,midHistory,midHistory,1,docEnd,docEnd,FALSE
FALSE,3,TextUnit_Document,-5,midHistory,midHistoryP1C,0,origin,docEnd,FALSE
FALSE,3,TextUnit_Document,-1,midHistory,midHistoryP1C,0,origin,docEnd,FALSE
FALSE,3,TextUnit_Document,0,midHistory,midHistoryP1C,0,origin,docEnd,FALSE
FALSE,3,TextUnit_Document,1,midHistory,midHistoryP1C,0,origin,docEnd,FALSE
FALSE,3,TextUnit_Document,5,midHistory,midHistoryP1C,0,origin,docEnd,FALSE
TRUE,8,TextUnit_Character,-5,bufferEnd,bufferEnd,-5,docEndM5C,docEndM5C,FALSE
TRUE,8,TextUnit_Character,-1,bufferEnd,bufferEnd,-1,docEndM1C,docEndM1C,FALSE
TRUE,8,TextUnit_Character,0,bufferEnd,bufferEnd,0,docEnd,docEnd,FALSE
TRUE,8,TextUnit_Character,1,bufferEnd,bufferEnd,0,docEnd,docEnd,FALSE
TRUE,8,TextUnit_Character,5,bufferEnd,bufferEnd,0,docEnd,docEnd,FALSE
FALSE,8,TextUnit_Character,-5,bufferEnd,endExclusive,-5,docEndM5C,docEndM5C,FALSE
FALSE,8,TextUnit_Character,-1,bufferEnd,endExclusive,-1,docEndM1C,docEndM1C,FALSE
FALSE,8,TextUnit_Character,0,bufferEnd,endExclusive,0,docEnd,docEnd,FALSE
FALSE,8,TextUnit_Character,1,bufferEnd,endExclusive,0,docEnd,docEnd,FALSE
FALSE,8,TextUnit_Character,5,bufferEnd,endExclusive,0,docEnd,docEnd,FALSE
TRUE,8,TextUnit_Line,-5,bufferEnd,bufferEnd,-5,docEndM5L,docEndM5L,FALSE
TRUE,8,TextUnit_Line,-1,bufferEnd,bufferEnd,-1,docEndM1L,docEndM1L,FALSE
TRUE,8,TextUnit_Line,0,bufferEnd,bufferEnd,0,docEnd,docEnd,FALSE
TRUE,8,TextUnit_Line,1,bufferEnd,bufferEnd,0,docEnd,docEnd,FALSE
TRUE,8,TextUnit_Line,5,bufferEnd,bufferEnd,0,docEnd,docEnd,FALSE
FALSE,8,TextUnit_Line,-5,bufferEnd,endExclusive,-5,docEndM5L,docEndM5L,FALSE
FALSE,8,TextUnit_Line,-1,bufferEnd,endExclusive,-1,docEndM1L,docEndM1L,FALSE
FALSE,8,TextUnit_Line,0,bufferEnd,endExclusive,0,docEnd,docEnd,FALSE
FALSE,8,TextUnit_Line,1,bufferEnd,endExclusive,0,docEnd,docEnd,FALSE
FALSE,8,TextUnit_Line,5,bufferEnd,endExclusive,0,docEnd,docEnd,FALSE
TRUE,8,TextUnit_Document,-5,bufferEnd,bufferEnd,-1,origin,origin,FALSE
TRUE,8,TextUnit_Document,-1,bufferEnd,bufferEnd,-1,origin,origin,FALSE
TRUE,8,TextUnit_Document,0,bufferEnd,bufferEnd,0,docEnd,docEnd,FALSE
TRUE,8,TextUnit_Document,1,bufferEnd,bufferEnd,0,docEnd,docEnd,FALSE
TRUE,8,TextUnit_Document,5,bufferEnd,bufferEnd,0,docEnd,docEnd,FALSE
FALSE,8,TextUnit_Document,-5,bufferEnd,endExclusive,-1,origin,origin,FALSE
FALSE,8,TextUnit_Document,-1,bufferEnd,endExclusive,-1,origin,origin,FALSE
FALSE,8,TextUnit_Document,0,bufferEnd,endExclusive,0,docEnd,docEnd,FALSE
FALSE,8,TextUnit_Document,1,bufferEnd,endExclusive,0,docEnd,docEnd,FALSE
FALSE,8,TextUnit_Document,5,bufferEnd,endExclusive,0,docEnd,docEnd,FALSE
TRUE,9,TextUnit_Character,-5,endExclusive,endExclusive,-5,docEndM5C,docEndM5C,FALSE
TRUE,9,TextUnit_Character,-1,endExclusive,endExclusive,-1,docEndM1C,docEndM1C,FALSE
TRUE,9,TextUnit_Character,0,endExclusive,endExclusive,0,docEnd,docEnd,FALSE
TRUE,9,TextUnit_Character,1,endExclusive,endExclusive,0,docEnd,docEnd,FALSE
TRUE,9,TextUnit_Character,5,endExclusive,endExclusive,0,docEnd,docEnd,FALSE
TRUE,9,TextUnit_Line,-5,endExclusive,endExclusive,-5,docEndM5L,docEndM5L,FALSE
TRUE,9,TextUnit_Line,-1,endExclusive,endExclusive,-1,docEndM1L,docEndM1L,FALSE
TRUE,9,TextUnit_Line,0,endExclusive,endExclusive,0,docEnd,docEnd,FALSE
TRUE,9,TextUnit_Line,1,endExclusive,endExclusive,0,docEnd,docEnd,FALSE
TRUE,9,TextUnit_Line,5,endExclusive,endExclusive,0,docEnd,docEnd,FALSE
TRUE,9,TextUnit_Document,-5,endExclusive,endExclusive,-1,origin,origin,FALSE
TRUE,9,TextUnit_Document,-1,endExclusive,endExclusive,-1,origin,origin,FALSE
TRUE,9,TextUnit_Document,0,endExclusive,endExclusive,0,docEnd,docEnd,FALSE
TRUE,9,TextUnit_Document,1,endExclusive,endExclusive,0,docEnd,docEnd,FALSE
TRUE,9,TextUnit_Document,5,endExclusive,endExclusive,0,docEnd,docEnd,FALSE
TRUE,4,TextUnit_Character,-5,midDocEnd,midDocEnd,-5,midDocEndM5C,midDocEndM5C,FALSE
TRUE,4,TextUnit_Character,-1,midDocEnd,midDocEnd,-1,midDocEndM1C,midDocEndM1C,FALSE
TRUE,4,TextUnit_Character,0,midDocEnd,midDocEnd,0,midDocEnd,midDocEnd,FALSE
TRUE,4,TextUnit_Character,1,midDocEnd,midDocEnd,1,midDocEndP1C,midDocEndP1C,FALSE
TRUE,4,TextUnit_Character,5,midDocEnd,midDocEnd,5,midDocEndP5C,midDocEndP5C,FALSE
FALSE,4,TextUnit_Character,-5,midDocEnd,midDocEndP1C,-5,midDocEndM5C,midDocEndM4C,FALSE
FALSE,4,TextUnit_Character,-1,midDocEnd,midDocEndP1C,-1,midDocEndM1C,midDocEnd,FALSE
FALSE,4,TextUnit_Character,0,midDocEnd,midDocEndP1C,0,midDocEnd,midDocEndP1C,FALSE
FALSE,4,TextUnit_Character,1,midDocEnd,midDocEndP1C,1,midDocEndP1C,midDocEndP2C,FALSE
FALSE,4,TextUnit_Character,5,midDocEnd,midDocEndP1C,5,midDocEndP5C,midDocEndP6C,FALSE
TRUE,4,TextUnit_Line,-5,midDocEnd,midDocEnd,-5,midDocEndM4L,midDocEndM4L,FALSE
TRUE,4,TextUnit_Line,-1,midDocEnd,midDocEnd,-1,midDocEndLeft,midDocEndLeft,FALSE
TRUE,4,TextUnit_Line,0,midDocEnd,midDocEnd,0,midDocEnd,midDocEnd,FALSE
TRUE,4,TextUnit_Line,1,midDocEnd,midDocEnd,1,docEnd,docEnd,FALSE
TRUE,4,TextUnit_Line,5,midDocEnd,midDocEnd,1,docEnd,docEnd,FALSE
FALSE,4,TextUnit_Line,-5,midDocEnd,midDocEndP1C,-5,midDocEndM5L,midDocEndM4L,FALSE
FALSE,4,TextUnit_Line,-1,midDocEnd,midDocEndP1C,-1,midDocEndM1L,midDocEndLeft,FALSE
FALSE,4,TextUnit_Line,0,midDocEnd,midDocEndP1C,0,midDocEndLeft,docEnd,FALSE
FALSE,4,TextUnit_Line,1,midDocEnd,midDocEndP1C,0,midDocEndLeft,docEnd,FALSE
FALSE,4,TextUnit_Line,5,midDocEnd,midDocEndP1C,0,midDocEndLeft,docEnd,FALSE
TRUE,4,TextUnit_Document,-5,midDocEnd,midDocEnd,-1,origin,origin,FALSE
TRUE,4,TextUnit_Document,-1,midDocEnd,midDocEnd,-1,origin,origin,FALSE
TRUE,4,TextUnit_Document,0,midDocEnd,midDocEnd,0,midDocEnd,midDocEnd,FALSE
TRUE,4,TextUnit_Document,1,midDocEnd,midDocEnd,1,docEnd,docEnd,FALSE
TRUE,4,TextUnit_Document,5,midDocEnd,midDocEnd,1,docEnd,docEnd,FALSE
FALSE,4,TextUnit_Document,-5,midDocEnd,midDocEndP1C,0,origin,docEnd,FALSE
FALSE,4,TextUnit_Document,-1,midDocEnd,midDocEndP1C,0,origin,docEnd,FALSE
FALSE,4,TextUnit_Document,0,midDocEnd,midDocEndP1C,0,origin,docEnd,FALSE
FALSE,4,TextUnit_Document,1,midDocEnd,midDocEndP1C,0,origin,docEnd,FALSE
FALSE,4,TextUnit_Document,5,midDocEnd,midDocEndP1C,0,origin,docEnd,FALSE
TRUE,5,TextUnit_Character,-5,lastCharPos,lastCharPos,-5,lastCharPosM5C,lastCharPosM5C,FALSE
TRUE,5,TextUnit_Character,-1,lastCharPos,lastCharPos,-1,lastCharPosM1C,lastCharPosM1C,FALSE
TRUE,5,TextUnit_Character,0,lastCharPos,lastCharPos,0,lastCharPos,lastCharPos,FALSE
TRUE,5,TextUnit_Character,1,lastCharPos,lastCharPos,1,lastCharPosP1C,lastCharPosP1C,FALSE
TRUE,5,TextUnit_Character,5,lastCharPos,lastCharPos,5,lastCharPosP5C,lastCharPosP5C,FALSE
FALSE,5,TextUnit_Character,-5,lastCharPos,lastCharPosP1C,-5,lastCharPosM5C,lastCharPosM4C,FALSE
FALSE,5,TextUnit_Character,-1,lastCharPos,lastCharPosP1C,-1,lastCharPosM1C,lastCharPos,FALSE
FALSE,5,TextUnit_Character,0,lastCharPos,lastCharPosP1C,0,lastCharPos,lastCharPosP1C,FALSE
FALSE,5,TextUnit_Character,1,lastCharPos,lastCharPosP1C,1,lastCharPosP1C,lastCharPosP2C,FALSE
FALSE,5,TextUnit_Character,5,lastCharPos,lastCharPosP1C,5,lastCharPosP5C,lastCharPosP6C,FALSE
TRUE,5,TextUnit_Line,-5,lastCharPos,lastCharPos,-5,lastCharPosM4L,lastCharPosM4L,FALSE
TRUE,5,TextUnit_Line,-1,lastCharPos,lastCharPos,-1,lastCharPosLeft,lastCharPosLeft,FALSE
TRUE,5,TextUnit_Line,0,lastCharPos,lastCharPos,0,lastCharPos,lastCharPos,FALSE
TRUE,5,TextUnit_Line,1,lastCharPos,lastCharPos,1,docEnd,docEnd,FALSE
TRUE,5,TextUnit_Line,5,lastCharPos,lastCharPos,1,docEnd,docEnd,FALSE
FALSE,5,TextUnit_Line,-5,lastCharPos,lastCharPosP1C,-5,lastCharPosM5L,lastCharPosM4L,FALSE
FALSE,5,TextUnit_Line,-1,lastCharPos,lastCharPosP1C,-1,lastCharPosM1L,lastCharPosLeft,FALSE
FALSE,5,TextUnit_Line,0,lastCharPos,lastCharPosP1C,0,lastCharPosLeft,docEnd,FALSE
FALSE,5,TextUnit_Line,1,lastCharPos,lastCharPosP1C,0,lastCharPosLeft,docEnd,FALSE
FALSE,5,TextUnit_Line,5,lastCharPos,lastCharPosP1C,0,lastCharPosLeft,docEnd,FALSE
TRUE,5,TextUnit_Document,-5,lastCharPos,lastCharPos,-1,origin,origin,FALSE
TRUE,5,TextUnit_Document,-1,lastCharPos,lastCharPos,-1,origin,origin,FALSE
TRUE,5,TextUnit_Document,0,lastCharPos,lastCharPos,0,lastCharPos,lastCharPos,FALSE
TRUE,5,TextUnit_Document,1,lastCharPos,lastCharPos,1,docEnd,docEnd,FALSE
TRUE,5,TextUnit_Document,5,lastCharPos,lastCharPos,1,docEnd,docEnd,FALSE
FALSE,5,TextUnit_Document,-5,lastCharPos,lastCharPosP1C,0,origin,docEnd,FALSE
FALSE,5,TextUnit_Document,-1,lastCharPos,lastCharPosP1C,0,origin,docEnd,FALSE
FALSE,5,TextUnit_Document,0,lastCharPos,lastCharPosP1C,0,origin,docEnd,FALSE
FALSE,5,TextUnit_Document,1,lastCharPos,lastCharPosP1C,0,origin,docEnd,FALSE
FALSE,5,TextUnit_Document,5,lastCharPos,lastCharPosP1C,0,origin,docEnd,FALSE
TRUE,6,TextUnit_Character,-5,docEnd,docEnd,-5,docEndM5C,docEndM5C,FALSE
TRUE,6,TextUnit_Character,-1,docEnd,docEnd,-1,docEndM1C,docEndM1C,FALSE
TRUE,6,TextUnit_Character,0,docEnd,docEnd,0,docEnd,docEnd,FALSE
TRUE,6,TextUnit_Character,1,docEnd,docEnd,0,docEnd,docEnd,FALSE
TRUE,6,TextUnit_Character,5,docEnd,docEnd,0,docEnd,docEnd,FALSE
FALSE,6,TextUnit_Character,-5,docEnd,docEndP1C,-5,docEndM5C,docEndM5C,FALSE
FALSE,6,TextUnit_Character,-1,docEnd,docEndP1C,-1,docEndM1C,docEndM1C,FALSE
FALSE,6,TextUnit_Character,0,docEnd,docEndP1C,0,docEnd,docEnd,FALSE
FALSE,6,TextUnit_Character,1,docEnd,docEndP1C,0,docEnd,docEnd,FALSE
FALSE,6,TextUnit_Character,5,docEnd,docEndP1C,0,docEnd,docEnd,FALSE
TRUE,6,TextUnit_Line,-5,docEnd,docEnd,-5,docEndM5L,docEndM5L,FALSE
TRUE,6,TextUnit_Line,-1,docEnd,docEnd,-1,docEndM1L,docEndM1L,FALSE
TRUE,6,TextUnit_Line,0,docEnd,docEnd,0,docEnd,docEnd,FALSE
TRUE,6,TextUnit_Line,1,docEnd,docEnd,0,docEnd,docEnd,FALSE
TRUE,6,TextUnit_Line,5,docEnd,docEnd,0,docEnd,docEnd,FALSE
FALSE,6,TextUnit_Line,-5,docEnd,docEndP1C,-5,docEndM5L,docEndM5L,FALSE
FALSE,6,TextUnit_Line,-1,docEnd,docEndP1C,-1,docEndM1L,docEndM1L,FALSE
FALSE,6,TextUnit_Line,0,docEnd,docEndP1C,0,docEnd,docEnd,FALSE
FALSE,6,TextUnit_Line,1,docEnd,docEndP1C,0,docEnd,docEnd,FALSE
FALSE,6,TextUnit_Line,5,docEnd,docEndP1C,0,docEnd,docEnd,FALSE
TRUE,6,TextUnit_Document,-5,docEnd,docEnd,-1,origin,origin,FALSE
TRUE,6,TextUnit_Document,-1,docEnd,docEnd,-1,origin,origin,FALSE
TRUE,6,TextUnit_Document,0,docEnd,docEnd,0,docEnd,docEnd,FALSE
TRUE,6,TextUnit_Document,1,docEnd,docEnd,0,docEnd,docEnd,FALSE
TRUE,6,TextUnit_Document,5,docEnd,docEnd,0,docEnd,docEnd,FALSE
FALSE,6,TextUnit_Document,-5,docEnd,docEndP1C,-1,origin,origin,FALSE
FALSE,6,TextUnit_Document,-1,docEnd,docEndP1C,-1,origin,origin,FALSE
FALSE,6,TextUnit_Document,0,docEnd,docEndP1C,0,docEnd,docEnd,FALSE
FALSE,6,TextUnit_Document,1,docEnd,docEndP1C,0,docEnd,docEnd,FALSE
FALSE,6,TextUnit_Document,5,docEnd,docEndP1C,0,docEnd,docEnd,FALSE
TRUE,7,TextUnit_Character,-5,midEmptySpace,midEmptySpace,-5,docEndM5C,docEndM5C,FALSE
TRUE,7,TextUnit_Character,-1,midEmptySpace,midEmptySpace,-1,docEndM1C,docEndM1C,FALSE
TRUE,7,TextUnit_Character,0,midEmptySpace,midEmptySpace,0,docEnd,docEnd,FALSE
TRUE,7,TextUnit_Character,1,midEmptySpace,midEmptySpace,0,docEnd,docEnd,FALSE
TRUE,7,TextUnit_Character,5,midEmptySpace,midEmptySpace,0,docEnd,docEnd,FALSE
FALSE,7,TextUnit_Character,-5,midEmptySpace,midEmptySpaceP1C,-5,docEndM5C,docEndM5C,FALSE
FALSE,7,TextUnit_Character,-1,midEmptySpace,midEmptySpaceP1C,-1,docEndM1C,docEndM1C,FALSE
FALSE,7,TextUnit_Character,0,midEmptySpace,midEmptySpaceP1C,0,docEnd,docEnd,FALSE
FALSE,7,TextUnit_Character,1,midEmptySpace,midEmptySpaceP1C,0,docEnd,docEnd,FALSE
FALSE,7,TextUnit_Character,5,midEmptySpace,midEmptySpaceP1C,0,docEnd,docEnd,FALSE
TRUE,7,TextUnit_Line,-5,midEmptySpace,midEmptySpace,-5,docEndM5L,docEndM5L,FALSE
TRUE,7,TextUnit_Line,-1,midEmptySpace,midEmptySpace,-1,docEndM1L,docEndM1L,FALSE
TRUE,7,TextUnit_Line,0,midEmptySpace,midEmptySpace,0,docEnd,docEnd,FALSE
TRUE,7,TextUnit_Line,1,midEmptySpace,midEmptySpace,0,docEnd,docEnd,FALSE
TRUE,7,TextUnit_Line,5,midEmptySpace,midEmptySpace,0,docEnd,docEnd,FALSE
FALSE,7,TextUnit_Line,-5,midEmptySpace,midEmptySpaceP1C,-5,docEndM5L,docEndM5L,FALSE
FALSE,7,TextUnit_Line,-1,midEmptySpace,midEmptySpaceP1C,-1,docEndM1L,docEndM1L,FALSE
FALSE,7,TextUnit_Line,0,midEmptySpace,midEmptySpaceP1C,0,docEnd,docEnd,FALSE
FALSE,7,TextUnit_Line,1,midEmptySpace,midEmptySpaceP1C,0,docEnd,docEnd,FALSE
FALSE,7,TextUnit_Line,5,midEmptySpace,midEmptySpaceP1C,0,docEnd,docEnd,FALSE
TRUE,7,TextUnit_Document,-5,midEmptySpace,midEmptySpace,-1,origin,origin,FALSE
TRUE,7,TextUnit_Document,-1,midEmptySpace,midEmptySpace,-1,origin,origin,FALSE
TRUE,7,TextUnit_Document,0,midEmptySpace,midEmptySpace,0,docEnd,docEnd,FALSE
TRUE,7,TextUnit_Document,1,midEmptySpace,midEmptySpace,0,docEnd,docEnd,FALSE
TRUE,7,TextUnit_Document,5,midEmptySpace,midEmptySpace,0,docEnd,docEnd,FALSE
FALSE,7,TextUnit_Document,-5,midEmptySpace,midEmptySpaceP1C,-1,origin,origin,FALSE
FALSE,7,TextUnit_Document,-1,midEmptySpace,midEmptySpaceP1C,-1,origin,origin,FALSE
FALSE,7,TextUnit_Document,0,midEmptySpace,midEmptySpaceP1C,0,docEnd,docEnd,FALSE
FALSE,7,TextUnit_Document,1,midEmptySpace,midEmptySpaceP1C,0,docEnd,docEnd,FALSE
FALSE,7,TextUnit_Document,5,midEmptySpace,midEmptySpaceP1C,0,docEnd,docEnd,FALSE
TRUE,1,TextUnit_Word,-5,origin,origin,0,origin,origin,FALSE
TRUE,1,TextUnit_Word,-1,origin,origin,0,origin,origin,FALSE
TRUE,1,TextUnit_Word,0,origin,origin,0,origin,origin,FALSE
TRUE,1,TextUnit_Word,1,origin,origin,1,segment1LmidTop,segment1LmidTop,FALSE
TRUE,1,TextUnit_Word,5,origin,origin,5,segment0LmidTopP1L,segment0LmidTopP1L,FALSE
FALSE,1,TextUnit_Word,-5,origin,originP1C,0,origin,segment1LmidTop,FALSE
FALSE,1,TextUnit_Word,-1,origin,originP1C,0,origin,segment1LmidTop,FALSE
FALSE,1,TextUnit_Word,0,origin,originP1C,0,origin,segment1LmidTop,FALSE
FALSE,1,TextUnit_Word,1,origin,originP1C,1,segment1LmidTop,segment2LmidTop,FALSE
FALSE,1,TextUnit_Word,5,origin,originP1C,5,segment0LmidTopP1L,segment1LmidTopP1L,FALSE
TRUE,2,TextUnit_Word,-5,midTop,midTop,-3,origin,origin,FALSE
TRUE,2,TextUnit_Word,-1,midTop,midTop,-1,segment2LmidTop,segment2LmidTop,FALSE
TRUE,2,TextUnit_Word,0,midTop,midTop,0,midTop,midTop,FALSE
TRUE,2,TextUnit_Word,1,midTop,midTop,1,segment3LmidTop,segment3LmidTop,FALSE
TRUE,2,TextUnit_Word,5,midTop,midTop,5,segment2LmidTopP1L,segment2LmidTopP1L,FALSE
FALSE,2,TextUnit_Word,-5,midTop,midTopP1C,-2,origin,segment1LmidTop,FALSE
FALSE,2,TextUnit_Word,-1,midTop,midTopP1C,-1,segment1LmidTop,segment2LmidTop,FALSE
FALSE,2,TextUnit_Word,0,midTop,midTopP1C,0,segment2LmidTop,segment3LmidTop,FALSE
FALSE,2,TextUnit_Word,1,midTop,midTopP1C,1,segment3LmidTop,segment4LmidTop,FALSE
FALSE,2,TextUnit_Word,5,midTop,midTopP1C,5,segment2LmidTopP1L,segment3LmidTopP1L,FALSE
TRUE,3,TextUnit_Word,-5,midHistory,midHistory,-5,segment3LmidHistoryM1L,segment3LmidHistoryM1L,FALSE
TRUE,3,TextUnit_Word,-1,midHistory,midHistory,-1,segment2LmidHistory,segment2LmidHistory,FALSE
TRUE,3,TextUnit_Word,0,midHistory,midHistory,0,midHistory,midHistory,FALSE
TRUE,3,TextUnit_Word,1,midHistory,midHistory,1,segment3LmidHistory,segment3LmidHistory,FALSE
TRUE,3,TextUnit_Word,5,midHistory,midHistory,5,segment2LmidHistoryP1L,segment2LmidHistoryP1L,FALSE
FALSE,3,TextUnit_Word,-5,midHistory,midHistoryP1C,-5,segment2LmidHistoryM1L,segment3LmidHistoryM1L,FALSE
FALSE,3,TextUnit_Word,-1,midHistory,midHistoryP1C,-1,segment1LmidHistory,segment2LmidHistory,FALSE
FALSE,3,TextUnit_Word,0,midHistory,midHistoryP1C,0,segment2LmidHistory,segment3LmidHistory,FALSE
FALSE,3,TextUnit_Word,1,midHistory,midHistoryP1C,1,segment3LmidHistory,segment4LmidHistory,FALSE
FALSE,3,TextUnit_Word,5,midHistory,midHistoryP1C,5,segment2LmidHistoryP1L,segment3LmidHistoryP1L,FALSE
TRUE,4,TextUnit_Word,-5,midDocEnd,midDocEnd,-5,segment3LmidDocEndM1L,segment3LmidDocEndM1L,FALSE
TRUE,4,TextUnit_Word,-1,midDocEnd,midDocEnd,-1,segment2LmidDocEnd,segment2LmidDocEnd,FALSE
TRUE,4,TextUnit_Word,0,midDocEnd,midDocEnd,0,midDocEnd,midDocEnd,FALSE
TRUE,4,TextUnit_Word,1,midDocEnd,midDocEnd,1,segment3LmidDocEnd,segment3LmidDocEnd,FALSE
TRUE,4,TextUnit_Word,5,midDocEnd,midDocEnd,3,docEnd,docEnd,FALSE
FALSE,4,TextUnit_Word,-5,midDocEnd,midDocEndP1C,-5,segment2LmidDocEndM1L,segment3LmidDocEndM1L,FALSE
FALSE,4,TextUnit_Word,-1,midDocEnd,midDocEndP1C,-1,segment1LmidDocEnd,segment2LmidDocEnd,FALSE
FALSE,4,TextUnit_Word,0,midDocEnd,midDocEndP1C,0,segment2LmidDocEnd,segment3LmidDocEnd,FALSE
FALSE,4,TextUnit_Word,1,midDocEnd,midDocEndP1C,1,segment3LmidDocEnd,segment4LmidDocEnd,FALSE
FALSE,4,TextUnit_Word,5,midDocEnd,midDocEndP1C,2,segment4LmidDocEnd,docEnd,FALSE
TRUE,5,TextUnit_Word,-5,lastCharPos,lastCharPos,-5,lastCharPosLeft,lastCharPosLeft,FALSE
TRUE,5,TextUnit_Word,-1,lastCharPos,lastCharPos,-1,segment4LmidDocEnd,segment4LmidDocEnd,FALSE
TRUE,5,TextUnit_Word,0,lastCharPos,lastCharPos,0,lastCharPos,lastCharPos,FALSE
TRUE,5,TextUnit_Word,1,lastCharPos,lastCharPos,1,docEnd,docEnd,FALSE
TRUE,5,TextUnit_Word,5,lastCharPos,lastCharPos,1,docEnd,docEnd,FALSE
FALSE,5,TextUnit_Word,-5,lastCharPos,lastCharPosP1C,-5,segment4LlastCharPosM1L,lastCharPosLeft,FALSE
FALSE,5,TextUnit_Word,-1,lastCharPos,lastCharPosP1C,-1,segment3LmidDocEnd,segment4LmidDocEnd,FALSE
FALSE,5,TextUnit_Word,0,lastCharPos,lastCharPosP1C,0,segment4LmidDocEnd,docEnd,FALSE
FALSE,5,TextUnit_Word,1,lastCharPos,lastCharPosP1C,0,segment4LmidDocEnd,docEnd,FALSE
FALSE,5,TextUnit_Word,5,lastCharPos,lastCharPosP1C,0,segment4LmidDocEnd,docEnd,FALSE
TRUE,6,TextUnit_Word,-5,docEnd,docEnd,-5,midDocEndLeft,midDocEndLeft,FALSE
TRUE,6,TextUnit_Word,-1,docEnd,docEnd,-1,segment4LmidDocEnd,segment4LmidDocEnd,FALSE
TRUE,6,TextUnit_Word,0,docEnd,docEnd,0,docEnd,docEnd,FALSE
TRUE,6,TextUnit_Word,1,docEnd,docEnd,0,docEnd,docEnd,FALSE
TRUE,6,TextUnit_Word,5,docEnd,docEnd,0,docEnd,docEnd,FALSE
FALSE,6,TextUnit_Word,-5,docEnd,docEndP1C,-5,midDocEndLeft,midDocEndLeft,FALSE
FALSE,6,TextUnit_Word,-1,docEnd,docEndP1C,-1,segment4LmidDocEnd,segment4LmidDocEnd,FALSE
FALSE,6,TextUnit_Word,0,docEnd,docEndP1C,0,docEnd,docEnd,FALSE
FALSE,6,TextUnit_Word,1,docEnd,docEndP1C,0,docEnd,docEnd,FALSE
FALSE,6,TextUnit_Word,5,docEnd,docEndP1C,0,docEnd,docEnd,FALSE
TRUE,7,TextUnit_Word,-5,midEmptySpace,midEmptySpace,-5,midDocEndLeft,midDocEndLeft,FALSE
TRUE,7,TextUnit_Word,-1,midEmptySpace,midEmptySpace,-1,segment4LmidDocEnd,segment4LmidDocEnd,FALSE
TRUE,7,TextUnit_Word,0,midEmptySpace,midEmptySpace,0,docEnd,docEnd,FALSE
TRUE,7,TextUnit_Word,1,midEmptySpace,midEmptySpace,0,docEnd,docEnd,FALSE
TRUE,7,TextUnit_Word,5,midEmptySpace,midEmptySpace,0,docEnd,docEnd,FALSE
FALSE,7,TextUnit_Word,-5,midEmptySpace,midEmptySpaceP1C,-5,midDocEndLeft,midDocEndLeft,FALSE
FALSE,7,TextUnit_Word,-1,midEmptySpace,midEmptySpaceP1C,-1,segment4LmidDocEnd,segment4LmidDocEnd,FALSE
FALSE,7,TextUnit_Word,0,midEmptySpace,midEmptySpaceP1C,0,docEnd,docEnd,FALSE
FALSE,7,TextUnit_Word,1,midEmptySpace,midEmptySpaceP1C,0,docEnd,docEnd,FALSE
FALSE,7,TextUnit_Word,5,midEmptySpace,midEmptySpaceP1C,0,docEnd,docEnd,FALSE
TRUE,8,TextUnit_Word,-5,bufferEnd,bufferEnd,-5,midDocEndLeft,midDocEndLeft,FALSE
TRUE,8,TextUnit_Word,-1,bufferEnd,bufferEnd,-1,segment4LmidDocEnd,segment4LmidDocEnd,FALSE
TRUE,8,TextUnit_Word,0,bufferEnd,bufferEnd,0,docEnd,docEnd,FALSE
TRUE,8,TextUnit_Word,1,bufferEnd,bufferEnd,0,docEnd,docEnd,FALSE
TRUE,8,TextUnit_Word,5,bufferEnd,bufferEnd,0,docEnd,docEnd,FALSE
FALSE,8,TextUnit_Word,-5,bufferEnd,endExclusive,-5,midDocEndLeft,midDocEndLeft,FALSE
FALSE,8,TextUnit_Word,-1,bufferEnd,endExclusive,-1,segment4LmidDocEnd,segment4LmidDocEnd,FALSE
FALSE,8,TextUnit_Word,0,bufferEnd,endExclusive,0,docEnd,docEnd,FALSE
FALSE,8,TextUnit_Word,1,bufferEnd,endExclusive,0,docEnd,docEnd,FALSE
FALSE,8,TextUnit_Word,5,bufferEnd,endExclusive,0,docEnd,docEnd,FALSE
TRUE,9,TextUnit_Word,-5,endExclusive,endExclusive,-5,midDocEndLeft,midDocEndLeft,FALSE
TRUE,9,TextUnit_Word,-1,endExclusive,endExclusive,-1,segment4LmidDocEnd,segment4LmidDocEnd,FALSE
TRUE,9,TextUnit_Word,0,endExclusive,endExclusive,0,docEnd,docEnd,FALSE
TRUE,9,TextUnit_Word,1,endExclusive,endExclusive,0,docEnd,docEnd,FALSE
TRUE,9,TextUnit_Word,5,endExclusive,endExclusive,0,docEnd,docEnd,FALSE
